[{
    "name": "Afghanistan",
    "tld": ".af",
    "relevance": 0,
    "region": "Asia",
    "subregion": "Southern Asia"
}, {
    "name": "Åland Islands",
    "tld": ".ax",
    "relevance": 0.5,
    "region": "Europe",
    "subregion": "Northern Europe"
}, {
    "name": "Albania",
    "tld": ".al",
    "relevance": 0,
    "region": "Europe",
    "subregion": "Southern Europe"
}, {
    "name": "Algeria",
    "tld": ".dz",
    "relevance": 0,
    "region": "Africa",
    "subregion": "Northern Africa"
}, {
    "name": "American Samoa",
    "tld": ".as",
    "relevance": 0.5,
    "region": "Oceania",
    "subregion": "Polynesia"
}, {
    "name": "Andorra",
    "tld": ".ad",
    "relevance": 0.5,
    "region": "Europe",
    "subregion": "Southern Europe"
}, {
    "name": "Angola",
    "tld": ".ao",
    "relevance": 0,
    "region": "Africa",
    "subregion": "Middle Africa"
}, {
    "name": "Anguilla",
    "tld": ".ai",
    "relevance": 0.5,
    "region": "Americas",
    "subregion": "Caribbean"
}, {
    "name": "Antarctica",
    "tld": ".aq",
    "relevance": 0.5,
    "region": "",
    "subregion": ""
}, {
    "name": "Antigua and Barbuda",
    "tld": ".ag",
    "relevance": 0.5,
    "region": "Americas",
    "subregion": "Caribbean"
}, {
    "name": "Argentina",
    "tld": ".ar",
    "relevance": 0,
    "region": "Americas",
    "subregion": "South America"
}, {
    "name": "Armenia",
    "tld": ".am",
    "relevance": 0,
    "region": "Asia",
    "subregion": "Western Asia"
}, {
    "name": "Aruba",
    "tld": ".aw",
    "relevance": 0.5,
    "region": "Americas",
    "subregion": "Caribbean"
}, {
    "name": "Australia",
    "tld": ".au",
    "relevance": 1.5,
    "region": "Oceania",
    "subregion": "Australia,New Zealand"
}, {
    "name": "Austria",
    "tld": ".at",
    "relevance": 0,
    "region": "Europe",
    "subregion": "Western Europe"
}, {
    "name": "Azerbaijan",
    "tld": ".az",
    "relevance": 0,
    "region": "Asia",
    "subregion": "Western Asia"
}, {
    "name": "Bahamas",
    "tld": ".bs",
    "relevance": 0,
    "region": "Americas",
    "subregion": "Caribbean"
}, {
    "name": "Bahrain",
    "tld": ".bh",
    "relevance": 0,
    "region": "Asia",
    "subregion": "Western Asia"
}, {
    "name": "Bangladesh",
    "tld": ".bd",
    "relevance": 2,
    "region": "Asia",
    "subregion": "Southern Asia"
}, {
    "name": "Barbados",
    "tld": ".bb",
    "relevance": 0,
    "region": "Americas",
    "subregion": "Caribbean"
}, {
    "name": "Belarus",
    "tld": ".by",
    "relevance": 0,
    "region": "Europe",
    "subregion": "Eastern Europe"
}, {
    "name": "Belgium",
    "tld": ".be",
    "relevance": 1.5,
    "region": "Europe",
    "subregion": "Western Europe"
}, {
    "name": "Belize",
    "tld": ".bz",
    "relevance": 0,
    "region": "Americas",
    "subregion": "Central America"
}, {
    "name": "Benin",
    "tld": ".bj",
    "relevance": 0,
    "region": "Africa",
    "subregion": "Western Africa"
}, {
    "name": "Bermuda",
    "tld": ".bm",
    "relevance": 0.5,
    "region": "Americas",
    "subregion": "Northern America"
}, {
    "name": "Bhutan",
    "tld": ".bt",
    "relevance": 0,
    "region": "Asia",
    "subregion": "Southern Asia"
}, {
    "name": "Bolivia",
    "tld": ".bo",
    "relevance": 0,
    "region": "Americas",
    "subregion": "South America"
}, {
    "name": "Bonaire",
    "tld": ".bq",
    "relevance": 0,
    "region": "",
    "subregion": ""
}, {
    "name": "Bosnia and Herzegovina",
    "tld": ".ba",
    "relevance": 0,
    "region": "Europe",
    "subregion": "Southern Europe"
}, {
    "name": "Botswana",
    "tld": ".bw",
    "relevance": 0,
    "region": "Africa",
    "subregion": "Southern Africa"
}, {
    "name": "Bouvet Island",
    "tld": ".bv",
    "relevance": 0,
    "region": "",
    "subregion": ""
}, {
    "name": "Brazil",
    "tld": ".br",
    "relevance": 2,
    "region": "Americas",
    "subregion": "South America"
}, {
    "name": "British Indian Ocean Territory",
    "tld": ".io",
    "relevance": 0,
    "region": "Africa",
    "subregion": "Eastern Africa"
}, {
    "name": "Brunei Darussalam",
    "tld": ".bn",
    "relevance": 0,
    "region": "Asia",
    "subregion": "South-Eastern,Asia"
}, {
    "name": "Bulgaria",
    "tld": ".bg",
    "relevance": 0,
    "region": "Europe",
    "subregion": "Eastern Europe"
}, {
    "name": "Burkina Faso",
    "tld": ".bf",
    "relevance": 0,
    "region": "Africa",
    "subregion": "Western Africa"
}, {
    "name": "Burundi",
    "tld": ".bi",
    "relevance": 0,
    "region": "Africa",
    "subregion": "Eastern Africa"
}, {
    "name": "Cambodia",
    "tld": ".kh",
    "relevance": 0,
    "region": "Asia",
    "subregion": "South-Eastern,Asia"
}, {
    "name": "Cameroon",
    "tld": ".cm",
    "relevance": 0,
    "region": "Africa",
    "subregion": "Middle Africa"
}, {
    "name": "Canada",
    "tld": ".ca",
    "relevance": 2,
    "region": "Americas",
    "subregion": "Northern America"
}, {
    "name": "Cape Verde",
    "tld": ".cv",
    "relevance": 0,
    "region": "Africa",
    "subregion": "Western Africa"
}, {
    "name": "Cayman Islands",
    "tld": ".ky",
    "relevance": 0.5,
    "region": "Americas",
    "subregion": "Caribbean"
}, {
    "name": "Central African Republic",
    "tld": ".cf",
    "relevance": 0,
    "region": "Africa",
    "subregion": "Middle Africa"
}, {
    "name": "Chad",
    "tld": ".td",
    "relevance": 0,
    "region": "Africa",
    "subregion": "Middle Africa"
}, {
    "name": "Chile",
    "tld": ".cl",
    "relevance": 0,
    "region": "Americas",
    "subregion": "South America"
}, {
    "name": "China",
    "tld": ".cn",
    "relevance": 0,
    "region": "Asia",
    "subregion": "Eastern Asia"
}, {
    "name": "Christmas Island",
    "tld": ".cx",
    "relevance": 0.5,
    "region": "Oceania",
    "subregion": "Australia,New Zealand"
}, {
    "name": "Cocos (Keeling) Islands",
    "tld": ".cc",
    "relevance": 0,
    "region": "Oceania",
    "subregion": "Australia,New Zealand"
}, {
    "name": "Colombia",
    "tld": ".co",
    "relevance": 0,
    "region": "Americas",
    "subregion": "South America"
}, {
    "name": "Comoros",
    "tld": ".km",
    "relevance": 0,
    "region": "Africa",
    "subregion": "Eastern Africa"
}, {
    "name": "Republic of the Congo",
    "tld": ".cg",
    "relevance": 0,
    "region": "Africa",
    "subregion": "Middle Africa"
}, {
    "name": "Democratic Republic of the Congo",
    "tld": ".cd",
    "relevance": 0,
    "region": "Africa",
    "subregion": "Middle Africa"
}, {
    "name": "Cook Islands",
    "tld": ".ck",
    "relevance": 0.5,
    "region": "Oceania",
    "subregion": "Polynesia"
}, {
    "name": "Costa Rica",
    "tld": ".cr",
    "relevance": 0,
    "region": "Americas",
    "subregion": "Central America"
}, {
    "name": "Côte d'Ivoire",
    "tld": ".ci",
    "relevance": 0,
    "region": "Africa",
    "subregion": "Western Africa"
}, {
    "name": "Croatia",
    "tld": ".hr",
    "relevance": 0,
    "region": "Europe",
    "subregion": "Southern Europe"
}, {
    "name": "Cuba",
    "tld": ".cu",
    "relevance": 0,
    "region": "Americas",
    "subregion": "Caribbean"
}, {
    "name": "Curaçao",
    "tld": ".cw",
    "relevance": 0,
    "region": "",
    "subregion": ""
}, {
    "name": "Cyprus",
    "tld": ".cy",
    "relevance": 0,
    "region": "Asia",
    "subregion": "Western Asia"
}, {
    "name": "Czech Republic",
    "tld": ".cz",
    "relevance": 0,
    "region": "Europe",
    "subregion": "Eastern Europe"
}, {
    "name": "Denmark",
    "tld": ".dk",
    "relevance": 1.5,
    "region": "Europe",
    "subregion": "Northern Europe"
}, {
    "name": "Djibouti",
    "tld": ".dj",
    "relevance": 0,
    "region": "Africa",
    "subregion": "Eastern Africa"
}, {
    "name": "Dominica",
    "tld": ".dm",
    "relevance": 0.5,
    "region": "Americas",
    "subregion": "Caribbean"
}, {
    "name": "Dominican Republic",
    "tld": ".do",
    "relevance": 0,
    "region": "Americas",
    "subregion": "Caribbean"
}, {
    "name": "Ecuador",
    "tld": ".ec",
    "relevance": 0,
    "region": "Americas",
    "subregion": "South America"
}, {
    "name": "Egypt",
    "tld": ".eg",
    "relevance": 1.5,
    "region": "Africa",
    "subregion": "Northern Africa"
}, {
    "name": "El Salvador",
    "tld": ".sv",
    "relevance": 0,
    "region": "Americas",
    "subregion": "Central America"
}, {
    "name": "Equatorial Guinea",
    "tld": ".gq",
    "relevance": 0,
    "region": "Africa",
    "subregion": "Middle Africa"
}, {
    "name": "Eritrea",
    "tld": ".er",
    "relevance": 0,
    "region": "Africa",
    "subregion": "Eastern Africa"
}, {
    "name": "Estonia",
    "tld": ".ee",
    "relevance": 0,
    "region": "Europe",
    "subregion": "Northern Europe"
}, {
    "name": "Ethiopia",
    "tld": ".et",
    "relevance": 0,
    "region": "Africa",
    "subregion": "Eastern Africa"
}, {
    "name": "Falkland Islands (Malvinas)",
    "tld": ".fk",
    "relevance": 0.5,
    "region": "Americas",
    "subregion": "South America"
}, {
    "name": "Faroe Islands",
    "tld": ".fo",
    "relevance": 0.5,
    "region": "Europe",
    "subregion": "Northern Europe"
}, {
    "name": "Fiji",
    "tld": ".fj",
    "relevance": 0,
    "region": "Oceania",
    "subregion": "Melanesia"
}, {
    "name": "Finland",
    "tld": ".fi",
    "relevance": 0,
    "region": "Europe",
    "subregion": "Northern Europe"
}, {
    "name": "France",
    "tld": ".fr",
    "relevance": 2.5,
    "region": "Europe",
    "subregion": "Western Europe"
}, {
    "name": "French Guiana",
    "tld": ".gf",
    "relevance": 0,
    "region": "Americas",
    "subregion": "South America"
}, {
    "name": "French Polynesia",
    "tld": ".pf",
    "relevance": 0,
    "region": "Oceania",
    "subregion": "Polynesia"
}, {
    "name": "French Southern Territories",
    "tld": ".tf",
    "relevance": 0,
    "region": "",
    "subregion": ""
}, {
    "name": "Gabon",
    "tld": ".ga",
    "relevance": 0,
    "region": "Africa",
    "subregion": "Middle Africa"
}, {
    "name": "Gambia",
    "tld": ".gm",
    "relevance": 0,
    "region": "Africa",
    "subregion": "Western Africa"
}, {
    "name": "Georgia",
    "tld": ".ge",
    "relevance": 0,
    "region": "Asia",
    "subregion": "Western Asia"
}, {
    "name": "Germany",
    "tld": ".de",
    "relevance": 3,
    "region": "Europe",
    "subregion": "Western Europe"
}, {
    "name": "Ghana",
    "tld": ".gh",
    "relevance": 0,
    "region": "Africa",
    "subregion": "Western Africa"
}, {
    "name": "Gibraltar",
    "tld": ".gi",
    "relevance": 0.5,
    "region": "Europe",
    "subregion": "Southern Europe"
}, {
    "name": "Greece",
    "tld": ".gr",
    "relevance": 1.5,
    "region": "Europe",
    "subregion": "Southern Europe"
}, {
    "name": "Greenland",
    "tld": ".gl",
    "relevance": 0.5,
    "region": "Americas",
    "subregion": "Northern America"
}, {
    "name": "Grenada",
    "tld": ".gd",
    "relevance": 0,
    "region": "Americas",
    "subregion": "Caribbean"
}, {
    "name": "Guadeloupe",
    "tld": ".gp",
    "relevance": 0,
    "region": "Americas",
    "subregion": "Caribbean"
}, {
    "name": "Guam",
    "tld": ".gu",
    "relevance": 0,
    "region": "Oceania",
    "subregion": "Micronesia"
}, {
    "name": "Guatemala",
    "tld": ".gt",
    "relevance": 0,
    "region": "Americas",
    "subregion": "Central America"
}, {
    "name": "Guernsey",
    "tld": ".gg",
    "relevance": 0.5,
    "region": "Europe",
    "subregion": "Northern Europe"
}, {
    "name": "Guinea",
    "tld": ".gn",
    "relevance": 0,
    "region": "Africa",
    "subregion": "Western Africa"
}, {
    "name": "Guinea-Bissau",
    "tld": ".gw",
    "relevance": 0,
    "region": "Africa",
    "subregion": "Western Africa"
}, {
    "name": "Guyana",
    "tld": ".gy",
    "relevance": 0,
    "region": "Americas",
    "subregion": "South America"
}, {
    "name": "Haiti",
    "tld": ".ht",
    "relevance": 0,
    "region": "Americas",
    "subregion": "Caribbean"
}, {
    "name": "Heard Island and McDonald Islands",
    "tld": ".hm",
    "relevance": 0,
    "region": "",
    "subregion": ""
}, {
    "name": "Vatican City",
    "tld": ".va",
    "relevance": 0.5,
    "region": "Europe",
    "subregion": "Southern Europe"
}, {
    "name": "Honduras",
    "tld": ".hn",
    "relevance": 0,
    "region": "Americas",
    "subregion": "Central America"
}, {
    "name": "Hong Kong",
    "tld": ".hk",
    "relevance": 0,
    "region": "Asia",
    "subregion": "Eastern Asia"
}, {
    "name": "Hungary",
    "tld": ".hu",
    "relevance": 0,
    "region": "Europe",
    "subregion": "Eastern Europe"
}, {
    "name": "Iceland",
    "tld": ".is",
    "relevance": 0,
    "region": "Europe",
    "subregion": "Northern Europe"
}, {
    "name": "India",
    "tld": ".in",
    "relevance": 3,
    "region": "Asia",
    "subregion": "Southern Asia"
}, {
    "name": "Indonesia",
    "tld": ".id",
    "relevance": 2,
    "region": "Asia",
    "subregion": "South-Eastern,Asia"
}, {
    "name": "Iran",
    "tld": ".ir",
    "relevance": 0,
    "region": "Asia",
    "subregion": "Southern Asia"
}, {
    "name": "Iraq",
    "tld": ".iq",
    "relevance": 0,
    "region": "Asia",
    "subregion": "Western Asia"
}, {
    "name": "Ireland",
    "tld": ".ie",
    "relevance": 1.2,
    "region": "Europe",
    "subregion": "Northern Europe"
}, {
    "name": "Isle of Man",
    "tld": ".im",
    "relevance": 0.5,
    "region": "Europe",
    "subregion": "Northern Europe"
}, {
    "name": "Israel",
    "tld": ".il",
    "relevance": 0,
    "region": "Asia",
    "subregion": "Western Asia"
}, {
    "name": "Italy",
    "tld": ".it",
    "relevance": 2,
    "region": "Europe",
    "subregion": "Southern Europe"
}, {
    "name": "Jamaica",
    "tld": ".jm",
    "relevance": 0,
    "region": "Americas",
    "subregion": "Caribbean"
}, {
    "name": "Japan",
    "tld": ".jp",
    "relevance": 2.5,
    "region": "Asia",
    "subregion": "Eastern Asia"
}, {
    "name": "Jersey",
    "tld": ".je",
    "relevance": 0.5,
    "region": "Europe",
    "subregion": "Northern Europe"
}, {
    "name": "Jordan",
    "tld": ".jo",
    "relevance": 0,
    "region": "Asia",
    "subregion": "Western Asia"
}, {
    "name": "Kazakhstan",
    "tld": ".kz",
    "relevance": 0,
    "region": "Asia",
    "subregion": "Central Asia"
}, {
    "name": "Kenya",
    "tld": ".ke",
    "relevance": 0,
    "region": "Africa",
    "subregion": "Eastern Africa"
}, {
    "name": "Kiribati",
    "tld": ".ki",
    "relevance": 0,
    "region": "Oceania",
    "subregion": "Micronesia"
}, {
    "name": "Kuwait",
    "tld": ".kw",
    "relevance": 0,
    "region": "Asia",
    "subregion": "Western Asia"
}, {
    "name": "Kyrgyzstan",
    "tld": ".kg",
    "relevance": 0,
    "region": "Asia",
    "subregion": "Central Asia"
}, {
    "name": "Laos",
    "tld": ".la",
    "relevance": 0,
    "region": "Asia",
    "subregion": "South-Eastern,Asia"
}, {
    "name": "Latvia",
    "tld": ".lv",
    "relevance": 0,
    "region": "Europe",
    "subregion": "Northern Europe"
}, {
    "name": "Lebanon",
    "tld": ".lb",
    "relevance": 0,
    "region": "Asia",
    "subregion": "Western Asia"
}, {
    "name": "Lesotho",
    "tld": ".ls",
    "relevance": 0,
    "region": "Africa",
    "subregion": "Southern Africa"
}, {
    "name": "Liberia",
    "tld": ".lr",
    "relevance": 0,
    "region": "Africa",
    "subregion": "Western Africa"
}, {
    "name": "Libya",
    "tld": ".ly",
    "relevance": 0,
    "region": "Africa",
    "subregion": "Northern Africa"
}, {
    "name": "Liechtenstein",
    "tld": ".li",
    "relevance": 0,
    "region": "Europe",
    "subregion": "Western Europe"
}, {
    "name": "Lithuania",
    "tld": ".lt",
    "relevance": 0,
    "region": "Europe",
    "subregion": "Northern Europe"
}, {
    "name": "Luxembourg",
    "tld": ".lu",
    "relevance": 0,
    "region": "Europe",
    "subregion": "Western Europe"
}, {
    "name": "Macao",
    "tld": ".mo",
    "relevance": 0,
    "region": "Asia",
    "subregion": "Eastern Asia"
}, {
    "name": "Macedonia",
    "tld": ".mk",
    "relevance": 0,
    "region": "Europe",
    "subregion": "Southern Europe"
}, {
    "name": "Madagascar",
    "tld": ".mg",
    "relevance": 0,
    "region": "Africa",
    "subregion": "Eastern Africa"
}, {
    "name": "Malawi",
    "tld": ".mw",
    "relevance": 0,
    "region": "Africa",
    "subregion": "Eastern Africa"
}, {
    "name": "Malaysia",
    "tld": ".my",
    "relevance": 0,
    "region": "Asia",
    "subregion": "South-Eastern,Asia"
}, {
    "name": "Maldives",
    "tld": ".mv",
    "relevance": 0,
    "region": "Asia",
    "subregion": "Southern Asia"
}, {
    "name": "Mali",
    "tld": ".ml",
    "relevance": 0,
    "region": "Africa",
    "subregion": "Western Africa"
}, {
    "name": "Malta",
    "tld": ".mt",
    "relevance": 0,
    "region": "Europe",
    "subregion": "Southern Europe"
}, {
    "name": "Marshall Islands",
    "tld": ".mh",
    "relevance": 0.5,
    "region": "Oceania",
    "subregion": "Micronesia"
}, {
    "name": "Martinique",
    "tld": ".mq",
    "relevance": 0,
    "region": "Americas",
    "subregion": "Caribbean"
}, {
    "name": "Mauritania",
    "tld": ".mr",
    "relevance": 0,
    "region": "Africa",
    "subregion": "Western Africa"
}, {
    "name": "Mauritius",
    "tld": ".mu",
    "relevance": 0,
    "region": "Africa",
    "subregion": "Eastern Africa"
}, {
    "name": "Mayotte",
    "tld": ".yt",
    "relevance": 0,
    "region": "Africa",
    "subregion": "Eastern Africa"
}, {
    "name": "Mexico",
    "tld": ".mx",
    "relevance": 1.5,
    "region": "Americas",
    "subregion": "Central America"
}, {
    "name": "Micronesia",
    "tld": ".fm",
    "relevance": 0,
    "region": "Oceania",
    "subregion": "Micronesia"
}, {
    "name": "Moldova",
    "tld": ".md",
    "relevance": 0,
    "region": "Europe",
    "subregion": "Eastern Europe"
}, {
    "name": "Monaco",
    "tld": ".mc",
    "relevance": 0,
    "region": "Europe",
    "subregion": "Western Europe"
}, {
    "name": "Mongolia",
    "tld": ".mn",
    "relevance": 0,
    "region": "Asia",
    "subregion": "Eastern Asia"
}, {
    "name": "Montenegro",
    "tld": ".me",
    "relevance": 0,
    "region": "Europe",
    "subregion": "Southern Europe"
}, {
    "name": "Montserrat",
    "tld": ".ms",
    "relevance": 0.5,
    "region": "Americas",
    "subregion": "Caribbean"
}, {
    "name": "Morocco",
    "tld": ".ma",
    "relevance": 0,
    "region": "Africa",
    "subregion": "Northern Africa"
}, {
    "name": "Mozambique",
    "tld": ".mz",
    "relevance": 0,
    "region": "Africa",
    "subregion": "Eastern Africa"
}, {
    "name": "Myanmar (Burma)",
    "tld": ".mm",
    "relevance": 0,
    "region": "Asia",
    "subregion": "South-Eastern,Asia"
}, {
    "name": "Namibia",
    "tld": ".na",
    "relevance": 0,
    "region": "Africa",
    "subregion": "Southern Africa"
}, {
    "name": "Nauru",
    "tld": ".nr",
    "relevance": 0.5,
    "region": "Oceania",
    "subregion": "Micronesia"
}, {
    "name": "Nepal",
    "tld": ".np",
    "relevance": 0,
    "region": "Asia",
    "subregion": "Southern Asia"
}, {
    "name": "Netherlands",
    "tld": ".nl",
    "relevance": 1.5,
    "region": "Europe",
    "subregion": "Western Europe"
}, {
    "name": "New Caledonia",
    "tld": ".nc",
    "relevance": 0.5,
    "region": "Oceania",
    "subregion": "Melanesia"
}, {
    "name": "New Zealand",
    "tld": ".nz",
    "relevance": 0,
    "region": "Oceania",
    "subregion": "Australia,New Zealand"
}, {
    "name": "Nicaragua",
    "tld": ".ni",
    "relevance": 0,
    "region": "Americas",
    "subregion": "Central America"
}, {
    "name": "Niger",
    "tld": ".ne",
    "relevance": 0,
    "region": "Africa",
    "subregion": "Western Africa"
}, {
    "name": "Nigeria",
    "tld": ".ng",
    "relevance": 1.5,
    "region": "Africa",
    "subregion": "Western Africa"
}, {
    "name": "Niue",
    "tld": ".nu",
    "relevance": 0.5,
    "region": "Oceania",
    "subregion": "Polynesia"
}, {
    "name": "Norfolk Island",
    "tld": ".nf",
    "relevance": 0.5,
    "region": "Oceania",
    "subregion": "Australia,New Zealand"
}, {
    "name": "North Korea",
    "tld": ".kp",
    "relevance": 0,
    "region": "Asia",
    "subregion": "Eastern Asia"
}, {
    "name": "Northern Mariana Islands",
    "tld": ".mp",
    "relevance": 0.5,
    "region": "Oceania",
    "subregion": "Micronesia"
}, {
    "name": "Norway",
    "tld": ".no",
    "relevance": 1.5,
    "region": "Europe",
    "subregion": "Northern Europe"
}, {
    "name": "Oman",
    "tld": ".om",
    "relevance": 0,
    "region": "Asia",
    "subregion": "Western Asia"
}, {
    "name": "Pakistan",
    "tld": ".pk",
    "relevance": 2,
    "region": "Asia",
    "subregion": "Southern Asia"
}, {
    "name": "Palau",
    "tld": ".pw",
    "relevance": 0.5,
    "region": "Oceania",
    "subregion": "Micronesia"
}, {
    "name": "Palestinian Territory",
    "tld": ".ps",
    "relevance": 0,
    "region": "Asia",
    "subregion": "Western Asia"
}, {
    "name": "Panama",
    "tld": ".pa",
    "relevance": 0,
    "region": "Americas",
    "subregion": "Central America"
}, {
    "name": "Papua New Guinea",
    "tld": ".pg",
    "relevance": 0,
    "region": "Oceania",
    "subregion": "Melanesia"
}, {
    "name": "Paraguay",
    "tld": ".py",
    "relevance": 0,
    "region": "Americas",
    "subregion": "South America"
}, {
    "name": "Peru",
    "tld": ".pe",
    "relevance": 0,
    "region": "Americas",
    "subregion": "South America"
}, {
    "name": "Philippines",
    "tld": ".ph",
    "relevance": 1.5,
    "region": "Asia",
    "subregion": "South-Eastern,Asia"
}, {
    "name": "Pitcairn",
    "tld": ".pn",
    "relevance": 0.5,
    "region": "Oceania",
    "subregion": "Polynesia"
}, {
    "name": "Poland",
    "tld": ".pl",
    "relevance": 1.25,
    "region": "Europe",
    "subregion": "Eastern Europe"
}, {
    "name": "Portugal",
    "tld": ".pt",
    "relevance": 1.5,
    "region": "Europe",
    "subregion": "Southern Europe"
}, {
    "name": "Puerto Rico",
    "tld": ".pr",
    "relevance": 0,
    "region": "Americas",
    "subregion": "Caribbean"
}, {
    "name": "Qatar",
    "tld": ".qa",
    "relevance": 0,
    "region": "Asia",
    "subregion": "Western Asia"
}, {
    "name": "Réunion",
    "tld": ".re",
    "relevance": 0,
    "region": "Africa",
    "subregion": "Eastern Africa"
}, {
    "name": "Romania",
    "tld": ".ro",
    "relevance": 0,
    "region": "Europe",
    "subregion": "Eastern Europe"
}, {
    "name": "Russian Federation",
    "tld": ".ru",
    "relevance": 2.5,
    "region": "Europe",
    "subregion": "Eastern Europe"
}, {
    "name": "Rwanda",
    "tld": ".rw",
    "relevance": 0,
    "region": "Africa",
    "subregion": "Eastern Africa"
}, {
    "name": "Saint Barthélemy",
    "tld": ".bl",
    "relevance": 0,
    "region": "Americas",
    "subregion": "Caribbean"
}, {
    "name": "Saint Helena",
    "tld": ".sh",
    "relevance": 0,
    "region": "Africa",
    "subregion": "Western Africa"
}, {
    "name": "Saint Kitts and Nevis",
    "tld": ".kn",
    "relevance": 0,
    "region": "Americas",
    "subregion": "Caribbean"
}, {
    "name": "Saint Lucia",
    "tld": ".lc",
    "relevance": 0,
    "region": "Americas",
    "subregion": "Caribbean"
}, {
    "name": "Saint Martin",
    "tld": ".mf",
    "relevance": 0,
    "region": "Americas",
    "subregion": "Caribbean"
}, {
    "name": "Saint Pierre and Miquelon",
    "tld": ".pm",
    "relevance": 0,
    "region": "Americas",
    "subregion": "Northern America"
}, {
    "name": "Saint Vincent and the Grenadines",
    "tld": ".vc",
    "relevance": 0,
    "region": "Americas",
    "subregion": "Caribbean"
}, {
    "name": "Samoa",
    "tld": ".ws",
    "relevance": 0,
    "region": "Oceania",
    "subregion": "Polynesia"
}, {
    "name": "San Marino",
    "tld": ".sm",
    "relevance": 0,
    "region": "Europe",
    "subregion": "Southern Europe"
}, {
    "name": "São Tomé and Príncipe",
    "tld": ".st",
    "relevance": 0,
    "region": "Africa",
    "subregion": "Middle Africa"
}, {
    "name": "Saudi Arabia",
    "tld": ".sa",
    "relevance": 0,
    "region": "Asia",
    "subregion": "Western Asia"
}, {
    "name": "Senegal",
    "tld": ".sn",
    "relevance": 0,
    "region": "Africa",
    "subregion": "Western Africa"
}, {
    "name": "Serbia",
    "tld": ".rs",
    "relevance": 0,
    "region": "Europe",
    "subregion": "Southern Europe"
}, {
    "name": "Seychelles",
    "tld": ".sc",
    "relevance": 0.5,
    "region": "Africa",
    "subregion": "Eastern Africa"
}, {
    "name": "Sierra Leone",
    "tld": ".sl",
    "relevance": 0,
    "region": "Africa",
    "subregion": "Western Africa"
}, {
    "name": "Singapore",
    "tld": ".sg",
    "relevance": 0,
    "region": "Asia",
    "subregion": "South-Eastern,Asia"
}, {
    "name": "Sint Maarten",
    "tld": ".sx",
    "relevance": 0,
    "region": "",
    "subregion": ""
}, {
    "name": "Slovakia",
    "tld": ".sk",
    "relevance": 0,
    "region": "Europe",
    "subregion": "Eastern Europe"
}, {
    "name": "Slovenia",
    "tld": ".si",
    "relevance": 0,
    "region": "Europe",
    "subregion": "Southern Europe"
}, {
    "name": "Solomon Islands",
    "tld": ".sb",
    "relevance": 0,
    "region": "Oceania",
    "subregion": "Melanesia"
}, {
    "name": "Somalia",
    "tld": ".so",
    "relevance": 0,
    "region": "Africa",
    "subregion": "Eastern Africa"
}, {
    "name": "South Africa",
    "tld": ".za",
    "relevance": 0,
    "region": "Africa",
    "subregion": "Southern Africa"
}, {
    "name": "South Georgia",
    "tld": ".gs",
    "relevance": 0,
    "region": "Americas",
    "subregion": "South America"
}, {
    "name": "South Korea",
    "tld": ".kr",
    "relevance": 1.5,
    "region": "Asia",
    "subregion": "Eastern Asia"
}, {
    "name": "South Sudan",
    "tld": ".ss",
    "relevance": 0,
    "region": "",
    "subregion": ""
}, {
    "name": "Spain",
    "tld": ".es",
    "relevance": 2,
    "region": "Europe",
    "subregion": "Southern Europe"
}, {
    "name": "Sri Lanka",
    "tld": ".lk",
    "relevance": 0,
    "region": "Asia",
    "subregion": "Southern Asia"
}, {
    "name": "Sudan",
    "tld": ".sd",
    "relevance": 0,
    "region": "Africa",
    "subregion": "Northern Africa"
}, {
    "name": "Suriname",
    "tld": ".sr",
    "relevance": 0,
    "region": "Americas",
    "subregion": "South America"
}, {
    "name": "Svalbard and Jan Mayen",
    "tld": ".sj",
    "relevance": 0.5,
    "region": "Europe",
    "subregion": "Northern Europe"
}, {
    "name": "Swaziland",
    "tld": ".sz",
    "relevance": 0,
    "region": "Africa",
    "subregion": "Southern Africa"
}, {
    "name": "Sweden",
    "tld": ".se",
    "relevance": 1.5,
    "region": "Europe",
    "subregion": "Northern Europe"
}, {
    "name": "Switzerland",
    "tld": ".ch",
    "relevance": 1.5,
    "region": "Europe",
    "subregion": "Western Europe"
}, {
    "name": "Syrian Arab Republic",
    "tld": ".sy",
    "relevance": 0,
    "region": "Asia",
    "subregion": "Western Asia"
}, {
    "name": "Taiwan",
    "tld": ".tw",
    "relevance": 0,
    "region": "Asia",
    "subregion": "Eastern Asia"
}, {
    "name": "Tajikistan",
    "tld": ".tj",
    "relevance": 0,
    "region": "Asia",
    "subregion": "Central Asia"
}, {
    "name": "Tanzania",
    "tld": ".tz",
    "relevance": 0,
    "region": "Africa",
    "subregion": "Eastern Africa"
}, {
    "name": "Thailand",
    "tld": ".th",
    "relevance": 0,
    "region": "Asia",
    "subregion": "South-Eastern,Asia"
}, {
    "name": "Timor-Leste",
    "tld": ".tl",
    "relevance": 0,
    "region": "Asia",
    "subregion": "South-Eastern,Asia"
}, {
    "name": "Togo",
    "tld": ".tg",
    "relevance": 0,
    "region": "Africa",
    "subregion": "Western Africa"
}, {
    "name": "Tokelau",
    "tld": ".tk",
    "relevance": 0.5,
    "region": "Oceania",
    "subregion": "Polynesia"
}, {
    "name": "Tonga",
    "tld": ".to",
    "relevance": 0,
    "region": "Oceania",
    "subregion": "Polynesia"
}, {
    "name": "Trinidad and Tobago",
    "tld": ".tt",
    "relevance": 0,
    "region": "Americas",
    "subregion": "Caribbean"
}, {
    "name": "Tunisia",
    "tld": ".tn",
    "relevance": 0,
    "region": "Africa",
    "subregion": "Northern Africa"
}, {
    "name": "Turkey",
    "tld": ".tr",
    "relevance": 0,
    "region": "Asia",
    "subregion": "Western Asia"
}, {
    "name": "Turkmenistan",
    "tld": ".tm",
    "relevance": 0,
    "region": "Asia",
    "subregion": "Central Asia"
}, {
    "name": "Turks and Caicos Islands",
    "tld": ".tc",
    "relevance": 0.5,
    "region": "Americas",
    "subregion": "Caribbean"
}, {
    "name": "Tuvalu",
    "tld": ".tv",
    "relevance": 0.5,
    "region": "Oceania",
    "subregion": "Polynesia"
}, {
    "name": "Uganda",
    "tld": ".ug",
    "relevance": 0,
    "region": "Africa",
    "subregion": "Eastern Africa"
}, {
    "name": "Ukraine",
    "tld": ".ua",
    "relevance": 0,
    "region": "Europe",
    "subregion": "Eastern Europe"
}, {
    "name": "United Arab Emirates",
    "tld": ".ae",
    "relevance": 0,
    "region": "Asia",
    "subregion": "Western Asia"
}, {
    "name": "United Kingdom",
    "tld": ".gb",
    "relevance": 2.5,
    "region": "Europe",
    "subregion": "Northern Europe"
}, {
    "name": "United States",
    "tld": ".us",
    "relevance": 3.5,
    "region": "Americas",
    "subregion": "Northern America"
}, {
    "name": "United States Minor Outlying Islands",
    "tld": ".us",
    "relevance": 0,
    "region": "Americas",
    "subregion": "Northern America"
}, {
    "name": "Uruguay",
    "tld": ".uy",
    "relevance": 0,
    "region": "Americas",
    "subregion": "South America"
}, {
    "name": "Uzbekistan",
    "tld": ".uz",
    "relevance": 0,
    "region": "Asia",
    "subregion": "Central Asia"
}, {
    "name": "Vanuatu",
    "tld": ".vu",
    "relevance": 0,
    "region": "Oceania",
    "subregion": "Melanesia"
}, {
    "name": "Venezuela",
    "tld": ".ve",
    "relevance": 0,
    "region": "Americas",
    "subregion": "South America"
}, {
    "name": "Viet Nam",
    "tld": ".vn",
    "relevance": 1.5,
    "region": "Asia",
    "subregion": "South-Eastern,Asia"
}, {
    "name": "Virgin Islands (British)",
    "tld": ".vg",
    "relevance": 0.5,
    "region": "Americas",
    "subregion": "Caribbean"
}, {
    "name": "Virgin Islands (U.S.)",
    "tld": ".vi",
    "relevance": 0.5,
    "region": "Americas",
    "subregion": "Caribbean"
}, {
    "name": "Wallis and Futuna",
    "tld": ".wf",
    "relevance": 0.5,
    "region": "Oceania",
    "subregion": "Polynesia"
}, {
    "name": "Western Sahara",
    "tld": ".eh",
    "relevance": 0,
    "region": "Africa",
    "subregion": "Northern Africa"
}, {
    "name": "Yemen",
    "tld": ".ye",
    "relevance": 0,
    "region": "Asia",
    "subregion": "Western Asia"
}, {
    "name": "Zambia",
    "tld": ".zm",
    "relevance": 0,
    "region": "Africa",
    "subregion": "Eastern Africa"
}, {
    "name": "Zimbabwe",
    "tld": ".zw",
    "relevance": 0,
    "region": "Africa",
    "subregion": "Eastern Africa"
}]